ID,Title,Category,Price [£],Rating,Availability,Quantity
a897fe39b1053632,A Light in the ...,Poetry,51.77,Three,In stock,22
90fa61229261140a,Tipping the Velvet,Historical Fiction,53.74,One,In stock,20
6957f44c3847a760,Soumission,Fiction,50.1,One,In stock,20
e00eb4fd7b871a48,Sharp Objects,Mystery,47.82,Four,In stock,20
4165285e1663650f,Sapiens: A Brief History ...,History,54.23,Five,In stock,20
f77dbf2323deb740,The Requiem Red,Young Adult,22.65,One,In stock,19
2597b5a345f45e1b,The Dirty Little Secrets ...,Business,33.34,Four,In stock,19
e72a5dfc7e9267b2,The Coming Woman: A ...,Default,17.93,Three,In stock,19
e10e1e165dc8be4a,The Boys in the ...,Default,22.6,Four,In stock,19
1dfe412b8ac00530,The Black Maria,Poetry,52.15,One,In stock,19
0312262ecafa5a40,Starving Hearts (Triangular Trade ...,Default,13.99,Two,In stock,19
30a7f60cd76ca58c,Shakespeare's Sonnets,Poetry,20.66,Four,In stock,19
ce6396b0f23f6ecc,Set Me Free,Young Adult,17.46,Five,In stock,19
3b1c02bac2a429e6,Scott Pilgrim's Precious Little ...,Sequential Art,52.29,Five,In stock,19
a34ba96d4081e6a4,Rip it Up and ...,Music,35.02,Five,In stock,19
deda3e61b9514b83,Our Band Could Be ...,Music,57.25,Three,In stock,19
feb7cc7701ecf901,Olio,Poetry,23.88,One,In stock,19
e30f54cea9b38190,Mesaerion: The Best Science ...,Science Fiction,37.59,One,In stock,19
a18a4f574854aced,Libertarianism for Beginners,Politics,51.33,Two,In stock,19
a22124811bfa8350,It's Only the Himalayas,Travel,45.17,Two,In stock,19
23356462d1320d61,In Her Wake,Thriller,12.84,One,In stock,19
327f68a59745c102,How Music Works,Music,37.32,Two,In stock,19
5674a18a29a43ced,Foolproof Preserving: A Guide ...,Food and Drink,30.52,Three,In stock,19
c2e46a2ee3b4a322,Chase Me (Paris Nights ...,Romance,25.27,Five,In stock,19
00bfed9e18bb36f3,Black Dust,Romance,34.53,Five,In stock,19
9528d0948525bf5f,Birdsong: A Story in ...,Childrens,54.64,Three,In stock,19
c7d160c2c0de586f,America's Cradle of Quarterbacks: ...,Default,22.5,Three,In stock,19
904208d6aa64b655,Aladdin and His Wonderful ...,Default,53.13,Three,In stock,19
4c28def39d850cdf,Worlds Elsewhere: Journeys Around ...,Nonfiction,40.3,Five,In stock,18
ccd9ffa25efabdea,Wall and Piece,Art,44.18,Four,In stock,18
6258a1f6a6dcfe50,The Four Agreements: A ...,Spirituality,17.66,Five,In stock,18
3c039985229453bf,The Five Love Languages: ...,Nonfiction,31.05,Three,In stock,18
5dada2b7be26bd03,The Elephant Tree,Thriller,23.82,Five,In stock,18
9f6568e9c95f60b0,The Bear and the ...,Childrens,36.89,One,In stock,18
6be3beb0793a53e7,Sophie's World,Philosophy,15.94,Five,In stock,18
668fe56b17cfcd4f,Penny Maybe,Default,33.29,Three,In stock,18
094b269567e1c300,Maude (1883-1993):She Grew Up ...,Default,18.02,Two,In stock,18
19ed25f4641d5efd,"In a Dark, Dark ...",Mystery,19.63,One,In stock,18
be5cc846f45496fb,Behind Closed Doors,Thriller,52.22,Four,In stock,18
55f9da0c5eea2e10,You can't bury them ...,Poetry,33.63,Two,In stock,17
b4fd5943413e089a,Slow States of Collapse: ...,Poetry,57.31,Three,In stock,17
c8f7f0cb1abb9cac,Reasons to Stay Alive,Nonfiction,26.41,Two,In stock,17
b12b89017878a60d,Private Paris (Private #10),Fiction,47.61,Five,In stock,17
c27f6e1f185b0383,#HigherSelfie: Wake Up Your ...,Nonfiction,23.11,Five,In stock,17
acddfeab2a407640,Without Borders (Wanderlove #1),New Adult,45.07,Two,In stock,16
3ecb690d1542c568,When We Collided,Contemporary,31.77,One,In stock,16
8d455c7539795d2a,"We Love You, Charlie ...",Fiction,50.27,Five,In stock,16
657fe5ead67a7767,Untitled Collection: Sabbath Poems ...,Poetry,14.27,Four,In stock,16
d170b5a0da46380e,Unseen City: The Majesty ...,Nonfiction,44.18,Four,In stock,16
7ae099f3898e0209,Unicorn Tracks,Fantasy,18.78,Three,In stock,16
9a9d6e9bc555731e,Unbound: How Eight Technologies ...,History,25.52,One,In stock,16
09555be379ad9253,Tsubasa: WoRLD CHRoNiCLE 2 ...,Sequential Art,16.28,One,In stock,16
7858914fad68493c,Throwing Rocks at the ...,Nonfiction,31.12,Three,In stock,16
51653ef291ab7ddc,This One Summer,Sequential Art,19.49,Four,In stock,16
709822d0b5bcb7f4,Thirst,Fiction,17.27,Five,In stock,16
4eed62cf5f8d8edf,The Torch Is Passed: ...,Add a comment,19.09,One,In stock,16
b5ea0b5dabed25a8,The Secret of Dreadwillow ...,Childrens,56.13,One,In stock,16
142d767a56a9254d,The Pioneer Woman Cooks: ...,Food and Drink,56.41,One,In stock,16
5ee94540d0749ea0,The Past Never Ends,Mystery,56.5,Four,In stock,16
cedf82b5086e4691,The Natural History of ...,Young Adult,45.22,Three,In stock,16
7d385d34d12e60ff,The Nameless City (The ...,Sequential Art,38.16,Four,In stock,16
d01ac97e2b8947c2,The Murder That Never ...,Fiction,54.11,Three,In stock,16
aadee1c326d286e3,The Most Perfect Thing: ...,Science,42.96,Four,In stock,16
31075275518532d7,The Mindfulness and Acceptance ...,Add a comment,23.89,Four,In stock,16
0da9aa9d24677fc0,The Life-Changing Magic of ...,Nonfiction,16.77,Three,In stock,16
8c9e6bf2467d740d,The Inefficiency Assassin: Time ...,Default,20.59,Five,In stock,16
acd86a5426e21ca0,The Gutsy Girl: Escapades ...,Nonfiction,37.13,One,In stock,16
a30b270e25489e5c,The Electric Pencil: Drawings ...,Nonfiction,56.06,One,In stock,16
bd261725b99f5983,The Death of Humanity: ...,Philosophy,58.11,Four,In stock,16
43c6a960757cf559,The Bulletproof Diet: Lose ...,Health,49.05,Three,In stock,16
80cfab6bcff3a244,The Art Forger,Add a comment,40.76,Three,In stock,16
a3d2a4250807f1e9,The Age of Genius: ...,History,19.73,One,In stock,16
7d6d2a6c0276f81b,The Activist's Tao Te ...,Spirituality,32.24,Five,In stock,16
87b0615b6e1f4d7b,Spark Joy: An Illustrated ...,Nonfiction,41.83,Four,In stock,16
e6af5bf1163c1151,Soul Reader,Default,39.58,Two,In stock,16
6f78a0d744c35456,Security,Horror,39.25,Two,In stock,16
c849f0b2f5d6a742,"Saga, Volume 6 (Saga ...",Fantasy,25.02,Three,In stock,16
53a3d11bb568cc8b,"Saga, Volume 5 (Saga ...",Sequential Art,51.04,Two,In stock,16
d7310206583a54b6,Reskilling America: Learning to ...,Nonfiction,19.83,Two,In stock,16
c82a3e358c773c73,"Rat Queens, Vol. 3: ...",Sequential Art,50.4,Three,In stock,16
0fa6dceead7ce47a,"Princess Jellyfish 2-in-1 Omnibus, ...",Sequential Art,13.61,Five,In stock,16
0e691eda369f4e09,Princess Between Worlds (Wide-Awake ...,Fantasy,13.34,Five,In stock,16
e80f8e518b300dfe,"Pop Gun War, Volume ...",Sequential Art,18.97,One,In stock,16
7392c0032f92d816,"Political Suicide: Missteps, Peccadilloes, ...",History,36.28,Two,In stock,16
9429b4d59c537af5,Patience,Sequential Art,10.16,Three,In stock,16
889139b8e9c4cb36,"Outcast, Vol. 1: A ...",Sequential Art,15.44,Four,In stock,16
11809b1d323b3057,orange: The Complete Collection ...,Sequential Art,48.41,One,In stock,16
9ffa38d3b832433a,Online Marketing for Busy ...,Self Help,46.35,One,In stock,16
b757c0c361e689ce,On a Midnight Clear,Add a comment,14.07,Three,In stock,16
3c346ab1e76ae1f6,Obsidian (Lux #1),Young Adult,14.86,Two,In stock,16
784bc2279baa878d,My Paris Kitchen: Recipes ...,Food and Drink,33.37,Two,In stock,16
fa9610a50a1bf149,Masks and Shadows,Fantasy,56.4,Two,In stock,16
72f9d5be3472d34e,Mama Tried: Traditional Italian ...,Food and Drink,14.02,Four,In stock,16
460089f796fb3f82,"Lumberjanes, Vol. 2: Friendship ...",Sequential Art,46.91,Two,In stock,16
b6ee99bcf06fc91f,"Lumberjanes, Vol. 1: Beware ...",Sequential Art,45.61,Three,In stock,16
57e5a4d515c8ce44,Lumberjanes Vol. 3: A ...,Sequential Art,19.92,Two,In stock,16
7b75cc7f223791f4,"Layered: Baking, Building, and ...",Food and Drink,40.11,One,In stock,16
228f74b74f3a08ae,Judo: Seven Steps to ...,Add a comment,53.9,Two,In stock,16
18ad3ed896c7ce05,Join,Science Fiction,35.67,Five,In stock,16
b136b1b180ca753a,In the Country We ...,Nonfiction,22.0,Four,In stock,16
e4f74c16de34d440,Immunity: How Elie Metchnikoff ...,Science,57.36,Five,In stock,16
8d4eefad7a2b3915,"I Hate Fairyland, Vol. ...",Sequential Art,29.17,Two,In stock,16
1c89ae5bb804e4de,I am a Hero ...,Sequential Art,54.63,Three,In stock,16
a6f99b9e687f9d46,How to Be Miserable: ...,Self Help,46.03,One,In stock,16
2a97cffe61c3c4c7,Her Backup Boyfriend (The ...,Romance,33.97,One,In stock,16
f2df3bb043a8abb0,"Giant Days, Vol. 2 ...",Sequential Art,22.11,Two,In stock,16
9beb96a2300109d7,Forever and Forever: The ...,Historical Fiction,29.69,Three,In stock,16
9e28048cea8d41f7,First and First (Five ...,Romance,15.97,Four,In stock,16
7add3f8e49ec0826,Fifty Shades Darker (Fifty ...,Romance,21.96,One,In stock,16
311c0dd0e354a33e,Everydata: The Misinformation Hidden ...,Nonfiction,54.35,Two,In stock,16
fce19f9b4a943f22,Don't Be a Jerk: ...,Religion,37.97,Two,In stock,16
09b6cc87e62c2c58,Danganronpa Volume 1,Sequential Art,51.99,Four,In stock,16
7267864328ae8b9d,Crown of Midnight (Throne ...,Fantasy,43.29,Three,In stock,16
8754c83ab2a7ae71,"Codename Baboushka, Volume 1: ...",Sequential Art,36.72,Four,In stock,16
7b599c8bfcdd8d30,Camp Midnight,Sequential Art,17.08,Four,In stock,16
bee3672891cca906,Call the Nurse: True ...,Nonfiction,29.14,Five,In stock,16
5ceb951f629700a2,Burning,Young Adult,28.81,Three,In stock,16
74baabfc8fd84b38,Bossypants,Default,49.46,Two,In stock,16
bdf415fd484ea8a7,"Bitch Planet, Vol. 1: ...",Sequential Art,37.92,Two,In stock,16
6d5300b2d8f37e07,Avatar: The Last Airbender: ...,Fantasy,28.09,Two,In stock,16
38d45839cb1c83c1,Algorithms to Live By: ...,Nonfiction,30.81,One,In stock,16
70ed59f194b3c556,A World of Flavor: ...,Default,42.95,One,In stock,16
8a380641491d43ed,"A Piece of Sky, ...",Default,56.76,Five,In stock,16
f733e8c19d40ec2e,A Murder in Time,Mystery,16.64,One,In stock,16
3a6fb983e2554023,A Flight of Arrows ...,Historical Fiction,55.53,Five,In stock,16
842790dfaa937484,A Fierce and Subtle ...,Young Adult,28.13,Four,In stock,16
01d2001ac1e6f8a3,A Court of Thorns ...,Fantasy,52.37,One,In stock,16
e4ac92d89b946781,(Un)Qualified: How God Uses ...,Christian,54.0,Five,In stock,16
796c87ddbbaaf8c5,You Are What You ...,Religion,21.87,Four,In stock,15
9270575728a13a61,William Shakespeare's Star Wars: ...,Science Fiction,43.3,Four,In stock,15
b8736690cf263a3c,Tuesday Nights in 1980,Fiction,21.04,Two,In stock,15
d7d6d50c1e3d0b81,Tracing Numbers on a ...,Default,41.6,Three,In stock,15
590a9cccf7db9f7d,Throne of Glass (Throne ...,Fantasy,35.07,Three,In stock,15
de3f25248ba0789f,Thomas Jefferson and the ...,History,59.64,One,In stock,15
bc2a85fd35fdc7bd,Thirteen Reasons Why,Default,52.72,One,In stock,15
37c0cb19713d8dda,The White Cat and ...,Childrens,58.08,Four,In stock,15
623e1a180426039b,The Wedding Dress,Romance,24.12,One,In stock,15
fd3a622648667296,The Vacationers,Fiction,42.15,Four,In stock,15
3bebf34ee9330cbd,The Third Wave: An ...,Business,12.61,Five,In stock,15
f5a92cff83897d48,The Stranger,Philosophy,17.44,Four,In stock,15
d6361d16212664ed,The Shadow Hero (The ...,Sequential Art,33.14,One,In stock,15
961f18db4f138211,The Secret (The Secret ...,Default,27.37,Four,In stock,15
0651062381f0636a,The Regional Office Is ...,Fiction,51.36,Five,In stock,15
e98a4efa85070c2f,The Psychopath Test: A ...,Default,36.0,Two,In stock,15
790ef197c8f236f5,The Project,Science Fiction,10.65,One,In stock,15
8ec14b1576cb7cb5,The Power of Now: ...,Nonfiction,43.54,Two,In stock,15
209adad1015af86f,The Omnivore's Dilemma: A ...,Nonfiction,38.21,Two,In stock,15
e4c7f3487d17fd42,The Nerdy Nummies Cookbook: ...,Food and Drink,37.34,Five,In stock,15
c7b5183f4d1d4efe,The Murder of Roger ...,Mystery,44.1,Four,In stock,15
99ff4cc6491e8f5c,The Mistake (Off-Campus #2),New Adult,43.29,Three,In stock,15
08db62f24627e71f,The Matchmaker's Playbook (Wingmen ...,New Adult,55.85,One,In stock,15
e28e330cbdf01126,The Love and Lemons ...,Food and Drink,37.6,Two,In stock,15
abeafe151a587d3b,The Long Shadow of ...,Crime,10.97,One,In stock,15
eac1a180047ad54e,The Kite Runner,Default,41.82,Four,In stock,15
9287e238d7c3b06e,The House by the ...,Historical Fiction,36.95,One,In stock,15
2dbb7ec08cdd7f3c,The Glittering Court (The ...,Fantasy,44.28,One,In stock,15
e956d67c9bcc5809,The Girl on the ...,Default,55.02,Two,In stock,15
42d0d7c92b75fc1c,The Genius of Birds,Nonfiction,17.24,One,In stock,15
d6670dfe3e7b42bd,The Emerald Mystery,Default,23.15,Two,In stock,15
96a38e7c813d8f1d,The Cookies & Cups ...,Food and Drink,41.25,One,In stock,15
efc3768127714ec3,The Bridge to Consciousness: ...,Default,32.0,Three,In stock,15
dd047728de72ad62,The Artist's Way: A ...,Nonfiction,38.49,Five,In stock,15
e7469e22b5bfb3e7,The Art of War,Default,33.34,Five,In stock,15
c99761a700ade23f,The Argonauts,Autobiography,10.93,Two,In stock,15
56e4f9eab2e8e674,The 10% Entrepreneur: Live ...,Business,27.55,Three,In stock,15
203b7f94b7d6115f,Suddenly in Love (Lake ...,Romance,55.99,Two,In stock,15
ca71e72655bece85,Something More Than This,Romance,16.24,Four,In stock,15
2a70769cdc6eb8b8,Soft Apocalypse,Science Fiction,26.12,Two,In stock,15
1b33663ad7b95fd8,So You've Been Publicly ...,Nonfiction,12.23,Two,In stock,15
0e0dcc3339602b28,Shoe Dog: A Memoir ...,Business,23.99,Two,In stock,15
0c27e6c3744fc14b,"Shobu Samurai, Project Aryoku ...",Add a comment,29.06,Three,In stock,15
ad04ad9fc179fc5d,Secrets and Lace (Fatal ...,Default,20.27,One,In stock,15
1c929cfd16b71907,Scarlett Epstein Hates It ...,Young Adult,43.55,Five,In stock,15
e656e280bc8edd56,Romero and Juliet: A ...,Default,36.94,One,In stock,15
b53db2271c9624f7,Redeeming Love,Christian Fiction,20.47,Five,In stock,15
d9c643fa1fc57bdb,Poses for Artists Volume ...,Default,41.06,One,In stock,15
31001a1210623bd4,Poems That Make Grown ...,Poetry,14.19,Four,In stock,15
50b8f80311b31ede,"Nightingale, Sing",Young Adult,38.28,One,In stock,15
cfeb1e1e0e695b58,Night Sky with Exit ...,Poetry,41.05,One,In stock,15
a40723994f715420,Mrs. Houdini,Historical Fiction,30.25,Five,In stock,15
caf4fe9311f1dc59,Modern Romance,Add a comment,28.26,Five,In stock,15
af96613fdd793a3c,Miss Peregrineâs Home for ...,Default,10.76,One,In stock,15
d69dd8dac66f9f84,Louisa: The Extraordinary Life ...,Biography,16.85,Two,In stock,15
4aa03792b50f0b22,Little Red,Childrens,13.47,Three,In stock,15
ba54932df84e8cea,Library of Souls (Miss ...,Young Adult,48.56,Five,In stock,15
c1afd71fc86bf682,Large Print Heart of ...,Default,19.15,Two,In stock,15
fd8585283fc7d2d7,I Had a Nice ...,Womens Fiction,57.36,Four,In stock,15
4ce91d31c1e57c33,Hollow City (Miss Peregrineâs ...,Fantasy,42.98,One,In stock,15
d163dd6c352fbcd2,Grumbles,Default,22.16,Two,In stock,15
ce60436f52c5ee68,Full Moon over Noahâs ...,Travel,49.43,Four,In stock,15
116a2fdc9a45bab0,Frostbite (Vampire Academy #2),Young Adult,29.99,Five,In stock,15
8585760646e3aa2a,Follow You Home,Horror,21.36,One,In stock,15
2f88b08bf0a0e367,First Steps for New ...,Default,29.0,One,In stock,15
edb3097e71330040,Finders Keepers (Bill Hodges ...,Fiction,53.53,Five,In stock,15
65d034adf80834b7,"Fables, Vol. 1: Legends ...",Sequential Art,41.62,Four,In stock,15
29c0025455f8c585,Eureka Trivia 6.0,Default,54.59,Four,In stock,15
6ffb36aaeff1c81e,Drive: The Surprising Truth ...,Default,34.95,Four,In stock,15
f6d967cdadc6fbd9,Done Rubbed Out (Reightman ...,Default,37.72,Five,In stock,15
3a11bb962ff45b78,Doing It Over (Most ...,Romance,35.61,Three,In stock,15
46c1530d7546ea6d,Deliciously Ella Every Day: ...,Food and Drink,42.16,Three,In stock,15
88c21fcd38e2486e,Dark Notes,Erotica,19.19,Five,In stock,15
3b9a3b4624b7fd6d,Daring Greatly: How the ...,Nonfiction,19.43,Three,In stock,15
a57b1dcbd6849222,Close to You,Christian Fiction,49.46,Four,In stock,15
513271dadc1322ae,Chasing Heaven: What Dying ...,Spirituality,37.8,Two,In stock,15
1f329c2e7d7de8bd,Big Magic: Creative Living ...,Nonfiction,30.8,Three,In stock,15
919e7cb2269a25d2,Becoming Wise: An Inquiry ...,Nonfiction,27.43,Two,In stock,15
3f69e667a67e54d9,Beauty Restored (Riley Family ...,Default,11.11,Two,In stock,15
7edc0527cf782e19,Batman: The Long Halloween ...,Sequential Art,36.5,Two,In stock,15
47271d8e08b5d31c,Batman: The Dark Knight ...,Sequential Art,15.38,Five,In stock,15
05f7c6d9a4e582d3,Ayumi's Violin,Default,15.48,Two,In stock,15
d24b829be2ca81c4,Anonymous,Default,46.82,Four,In stock,15
7ebfa6c1bee69e1e,Amy Meets the Saints ...,Default,18.46,Three,In stock,15
bb8245f52c7cce8f,Amid the Chaos,Cultural,36.58,One,In stock,15
ffd54178acc9a6a5,Amatus,Default,50.54,Five,In stock,15
d195e7f4ed697350,Agnostic: A Spirited Manifesto,Nonfiction,12.51,Five,In stock,15
dd5bfa6cc2c0ecc3,Zealot: The Life and ...,History,24.7,Three,In stock,14
024387ca4cafd5cc,You (You #1),Thriller,43.61,Five,In stock,14
047097293bb4d1c0,"Wonder Woman: Earth One, ...",Sequential Art,37.34,Four,In stock,14
3fb15ace50d6142b,Wild Swans,Young Adult,14.36,Two,In stock,14
2b5054a4192e9b06,Why the Right Went ...,Politics,52.65,Four,In stock,14
44a10f1ac8ce822e,Whole Lotta Creativity Going ...,Nonfiction,38.2,Four,In stock,14
6fd646a334e6e133,What's It Like in ...,Nonfiction,19.6,Two,In stock,14
92275cedf6d8ee15,"We Are Robin, Vol. ...",Sequential Art,53.9,One,In stock,14
6a31307a81e8f3a8,Walt Disney's Alice in ...,Childrens,12.96,Five,In stock,14
4a1debca3135ff37,V for Vendetta (V ...,Default,37.1,Four,In stock,14
aba2db9afb1469c7,Until Friday Night (The ...,Young Adult,46.31,Two,In stock,14
76c84daa539426e2,Unbroken: A World War ...,Default,45.95,Two,In stock,14
1d6443ffba9dfd80,Twenty Yawns,Childrens,22.08,Two,In stock,14
6e44bcbeac7f4360,Through the Woods,Sequential Art,25.38,Two,In stock,14
f0f38174a7e689a3,This Is Where It ...,Young Adult,27.12,Two,In stock,14
34c0d7c4ee5650af,The Year of Magical ...,Nonfiction,43.04,Two,In stock,14
08b2f71d93836313,The Wright Brothers,Default,56.8,Four,In stock,14
6875c5657661b2fb,The White Queen (The ...,Add a comment,25.91,Five,In stock,14
c5cb9f885d8b3621,The Wedding Pact (The ...,Romance,32.61,Three,In stock,14
e9906e2f0d189745,The Time Keeper,Fiction,27.88,Five,In stock,14
081305e6df719dff,The Testament of Mary,Fiction,52.67,Four,In stock,14
1528279aec1f3dce,The Star-Touched Queen,Fantasy,46.02,Five,In stock,14
00c4543ec6bd25b4,The Songs of the ...,Default,44.48,Five,In stock,14
e88fb1c9397cfb27,The Song of Achilles,Add a comment,37.4,Five,In stock,14
012094e90a4b908d,The Rosie Project (Don ...,Default,54.04,One,In stock,14
6bdd909329435e80,The Power of Habit: ...,Default,16.88,Three,In stock,14
52cf2a5933ec5d8f,The Marriage of Opposites,Historical Fiction,28.08,Four,In stock,14
4e812d32d64e2431,The Lucifer Effect: Understanding ...,Psychology,10.4,One,In stock,14
f21effc079a2b38a,The Long Haul (Diary ...,Humor,44.07,One,In stock,14
2d88a31f325dfd3b,The Loney,Horror,23.4,One,In stock,14
4881cc53f6c8892f,The Literature Book (Big ...,Nonfiction,17.43,Three,In stock,14
3bc89353f7e3a3cc,The Last Mile (Amos ...,Mystery,54.21,Two,In stock,14
f72f61ad6a5f12ed,The Immortal Life of ...,Add a comment,40.67,Two,In stock,14
992974ba6a0536ea,The Hidden Oracle (The ...,Fantasy,52.26,Two,In stock,14
ddc8340dabc8641b,The Help Yourself Cookbook ...,Food and Drink,28.77,Three,In stock,14
847935fc68707426,The Guilty (Will Robie ...,Thriller,13.82,Two,In stock,14
a86972014275e072,The First Hostage (J.B. ...,Fiction,25.85,Three,In stock,14
3d76bc83c6b644c9,The Dovekeepers,Add a comment,48.78,One,In stock,14
6edacfd1f8ebb9eb,The Darkest Lie,Young Adult,35.35,Five,In stock,14
dc6f688b82e42a5b,The Bane Chronicles (The ...,Fantasy,44.73,Four,In stock,14
923831a05c9f91f7,The Bad-Ass Librarians of ...,Nonfiction,15.77,One,In stock,14
1b8187fa4bf6ab05,The 14th Colony (Cotton ...,Thriller,39.24,One,In stock,14
0c7b9cf2b7662b65,That Darkness (Gardiner and ...,Mystery,13.92,One,In stock,14
2d1e337aaf341858,Tastes Like Fear (DI ...,Mystery,10.69,One,In stock,14
2c04320e110a14a3,Take Me with You,Fiction,45.21,Three,In stock,14
4c8b7540409da4ac,Swell: A Year of ...,Nonfiction,45.58,One,In stock,14
ac8e3949d284e9a9,Superman Vol. 1: Before ...,Sequential Art,11.89,Five,In stock,14
fe44cc816576c652,Still Life with Bread ...,Fiction,26.41,Three,In stock,14
95019eac1c0a052f,Steve Jobs,Default,39.5,Five,In stock,14
3edcccc4f341fb1a,Sorting the Beef from ...,Science,44.74,Four,In stock,14
a278db6b2b09cf9f,Someone Like You (The ...,Contemporary,52.79,Five,In stock,14
394f6d30cafc3edb,"So Cute It Hurts!!, ...",Sequential Art,35.43,Four,In stock,14
830fb3967c74866d,Shtum,Fiction,55.84,Four,In stock,14
f9705c362f070608,See America: A Celebration ...,Travel,48.87,Three,In stock,14
86cbddb61ea78bb7,salt.,Poetry,46.78,Four,In stock,14
85b2176b3b194030,Robin War,Sequential Art,47.82,Three,In stock,14
31e2e2d9cca3778f,"Red Hood/Arsenal, Vol. 1: ...",Sequential Art,25.48,Two,In stock,14
a6454e329f872b78,Rain Fish,Childrens,23.57,Three,In stock,14
aa35446aab16017f,Quarter Life Poetry: Poems ...,Poetry,50.89,Five,In stock,14
af58a74e4b2a23a0,Pet Sematary,Horror,10.56,Three,In stock,14
8ecf0356a3878811,"Overload: How to Unplug, ...",Self Help,52.15,Three,In stock,14
e34efcc824685332,Once Was a Time,Childrens,18.28,Two,In stock,14
02b74068fa98d8a4,Old School (Diary of ...,Humor,11.83,Five,In stock,14
132ec5e8c984adef,No Dream Is Too ...,Nonfiction,21.95,Two,In stock,14
71e36f33981ddb74,"Naruto (3-in-1 Edition), Vol. ...",Sequential Art,38.39,Two,In stock,14
727bf2b86b19ad88,My Name Is Lucy ...,Fiction,41.56,One,In stock,14
cc82685d9f49bc2c,My Mrs. Brown,Fiction,24.48,Three,In stock,14
137b0b2775701e11,My Kind of Crazy,Young Adult,40.36,One,In stock,14
caa2e5b3fb1b2d4c,Mr. Mercedes (Bill Hodges ...,Fiction,28.9,One,In stock,14
47d47155e89c8be7,More Than Music (Chasing ...,Add a comment,37.61,Two,In stock,14
b96fc7a0ea7d4b45,Made to Stick: Why ...,Business,38.85,Five,In stock,14
5b43cae640f2338a,Luis Paints the World,Childrens,53.95,Three,In stock,14
d512871626a5e588,Luckiest Girl Alive,Default,49.83,Three,In stock,14
a10c7515834240f3,Lowriders to the Center ...,Sequential Art,51.51,Two,In stock,14
adb5f51c2e2ab13f,Love Is a Mix ...,Music,18.03,One,In stock,14
24af96df0bafb925,Looking for Lovely: Collecting ...,Nonfiction,29.14,Five,In stock,14
17fb5a88180f9904,Living Leadership by Insight: ...,Default,46.91,Four,In stock,14
1174156c4a0eccaa,Let It Out: A ...,Nonfiction,26.79,Five,In stock,14
708345c9897fd7c5,Lady Midnight (The Dark ...,Default,16.28,Five,In stock,14
245e6bf08b8d2955,"It's All Easy: Healthy, ...",Food and Drink,19.55,One,In stock,14
2b52334fab158861,Island of Dragons (Unwanteds ...,Fantasy,29.65,One,In stock,14
b8a8ff84233f0570,I Know What I'm ...,Humor,25.98,Four,In stock,14
aeff7b87a8e83ebb,I Am Pilgrim (Pilgrim ...,Fiction,10.6,Four,In stock,14
fbb21a2f71f4d981,Hyperbole and a Half: ...,Humor,14.75,Five,In stock,14
6b6cd77fbc91b7a6,"Hush, Hush (Hush, Hush ...",Default,47.02,Three,In stock,14
0b165bd4b9f42fd5,Hold Your Breath (Search ...,Romance,28.82,One,In stock,14
afa829857f82f99e,Hamilton: The Revolution,Nonfiction,58.79,Three,In stock,14
f201f263d8c23f97,Greek Mythic History,Default,10.23,Five,In stock,14
eec424a84c9e4c68,God: The Most Unpleasant ...,Religion,30.03,Five,In stock,14
de4b403cb629a29f,Glory over Everything: Beyond ...,Historical Fiction,45.84,Three,In stock,14
9194ae88379dbf1a,Feathers: Displays of Brilliant ...,Art,49.05,Three,In stock,14
ac4dde0d1be05de0,Far & Away: Places ...,Nonfiction,15.06,Four,In stock,14
a2bd4ca82d908442,Every Last Word,Default,46.47,Three,In stock,14
9eaf58b03a2779cc,Eligible (The Austen Project ...,Fiction,27.09,Three,In stock,14
27c5968fe43cc06e,El Deafo,Sequential Art,57.62,Five,In stock,14
1d6dd0c87d90fe92,Eight Hundred Grapes,Fiction,14.39,Four,In stock,14
a01f6d368ef64dc5,Eaternity: More than 150 ...,Nonfiction,51.75,Five,In stock,14
047dfa57ba0bf638,"Eat Fat, Get Thin",Health,54.07,Two,In stock,14
ad2887ce04583910,Don't Get Caught,Young Adult,55.35,One,In stock,14
bf5de316a5e9a4ab,Doctor Sleep (The Shining ...,Horror,40.12,Two,In stock,14
3c6fe637a0180b01,Demigods & Magicians: Percy ...,Fantasy,37.51,Five,In stock,14
94a958ea126cdcd5,Dear Mr. Knightley,Fiction,11.21,Five,In stock,14
0e94a089328be4bc,Daily Fantasy Sports,Default,36.58,One,In stock,14
4b9d9cfe0f435788,Crazy Love: Overwhelmed by ...,Christian,47.72,Two,In stock,14
28cf0d1c51b491e5,Cometh the Hour (The ...,Fiction,25.01,Three,In stock,14
33a3e0e3ffde0dcd,Code Name Verity (Code ...,Add a comment,22.13,Four,In stock,14
42b0c50fc44140ec,Clockwork Angel (The Infernal ...,Default,44.14,One,In stock,14
966ebb738e0f9d9b,City of Glass (The ...,Fantasy,56.02,Four,In stock,14
1e264c677d4ee4ae,City of Fallen Angels ...,Default,11.23,Four,In stock,14
5b987e54ee72525c,City of Bones (The ...,Default,43.28,One,In stock,14
8a6ec2761f91dad2,City of Ashes (The ...,Default,47.27,One,In stock,14
bfbb54bc8cdeed2b,Cell,Add a comment,20.29,Four,In stock,14
e2e7b683b4c15b7d,Catching Jordan (Hundred Oaks),Young Adult,50.83,Three,In stock,14
1b0fc9f777cad045,"Carry On, Warrior: Thoughts ...",Default,31.85,Three,In stock,14
5f22418922fa728b,Carrie,Default,46.23,Two,In stock,14
16ef91b9d827859c,Buying In: The Secret ...,Nonfiction,37.8,Four,In stock,14
a80f66b254fe9eb3,Brain on Fire: My ...,Nonfiction,49.32,Five,In stock,14
bf68dcb5fad3cc8c,Batman: Europa,Sequential Art,32.01,Two,In stock,14
999912e63a3262ae,Barefoot Contessa Back to ...,Food and Drink,28.01,One,In stock,14
0e0da9192a025efc,Barefoot Contessa at Home: ...,Food and Drink,50.62,Five,In stock,14
9b65f676984c9f0c,Balloon Animals,Fiction,17.03,Three,In stock,14
ffdc825785c0ede8,Art Ops Vol. 1,Sequential Art,48.8,Three,In stock,14
41164b8ac02a2c42,Aristotle and Dante Discover ...,Young Adult,58.14,Four,In stock,14
1fbb5f786e53a0ce,Angels Walking (Angels Walking ...,Add a comment,34.2,Two,In stock,14
ad41c24ccac0c7ce,Angels & Demons (Robert ...,Default,51.48,Three,In stock,14
39861fc1c0845d15,All the Light We ...,Historical,29.87,Five,In stock,14
5319169a72714c62,Adulthood Is a Myth: ...,Sequential Art,10.9,Two,In stock,14
cf1aa2fc02a7d1e0,Abstract City,Nonfiction,56.37,Five,In stock,14
4416c474713ec1f5,A Time of Torment ...,Mystery,48.35,Five,In stock,14
63ee5bc46066a8a8,A Study in Scarlet ...,Mystery,16.73,Two,In stock,14
c1379d3744f1dd2c,A Series of Catastrophes ...,Add a comment,56.48,Two,In stock,14
1ad06aed9349af46,A People's History of ...,Add a comment,40.79,Two,In stock,14
8682c03de6a844ff,A Man Called Ove,Fiction,39.72,One,In stock,14
d5e0526e1ab682a3,A Distant Mirror: The ...,History,14.58,Three,In stock,14
01a177623cce9596,A Brush of Wings ...,Add a comment,55.51,One,In stock,14
6e8e5626ac4d279e,1491: New Revelations of ...,History,21.8,Three,In stock,14
ac5e0d3938caf686,"The Three Searches, Meaning, ...",Default,13.33,Three,In stock,13
2f0213137a80d485,Searching for Meaning in ...,Fantasy,38.73,One,In stock,13
44d97b6707dae3f0,Rook,Add a comment,37.86,Four,In stock,13
8bbd7df8a324f31d,My Kitchen Year: 136 ...,Food and Drink,11.53,Two,In stock,13
4be9d1910f8a4e80,13 Hours: The Inside ...,Nonfiction,27.06,One,In stock,13
077b635ff2afc578,Will You Won't You ...,Womens Fiction,13.86,Three,In stock,12
148715df5a02ea5e,Tipping Point for Planet ...,Science,37.55,One,In stock,12
4a7a25be293ad678,The Star-Touched Queen,Fantasy,32.3,Five,In stock,12
ce1ae197ada2aec4,The Silent Sister (Riley ...,Fiction,46.29,Five,In stock,12
14e44163678e24dc,The Midnight Watch: A ...,Add a comment,26.2,One,In stock,12
582a21a1dbbef3cf,The Lonely City: Adventures ...,Nonfiction,33.26,Two,In stock,12
3063c7e95d0bf76f,The Gray Rhino: How ...,Add a comment,59.15,Four,In stock,12
235fa48eeed11d82,The Golden Condom: And ...,Psychology,39.43,One,In stock,12
f732d7d18a91d2ba,The Epidemic (The Program ...,Young Adult,14.44,Five,In stock,12
c6ca293d4810e0d5,The Dinner Party,Fiction,56.54,Two,In stock,12
54fc03f1e1d355db,The Diary of a ...,Nonfiction,59.9,Three,In stock,12
64fd010bf8d15096,The Children,Add a comment,11.88,Three,In stock,12
b63ea3f7a57ae099,Stars Above (The Lunar ...,Young Adult,48.05,Two,In stock,12
f40fea200e0c644f,Snatched: How A Drug ...,Nonfiction,21.21,Three,In stock,12
ebf81a62e4798fd1,Raspberry Pi Electronics Projects ...,Default,49.67,Four,In stock,12
8976d9161c027142,Quench Your Own Thirst: ...,Business,43.14,One,In stock,12
b8d7b3f5c7a95d65,Psycho: Sanitarium (Psycho #1.5),Horror,36.97,Five,In stock,12
abdd91e96515a617,Poisonous (Max Revere Novels ...,Mystery,26.8,Three,In stock,12
81ef44fcc5f454df,One with You (Crossfire ...,Add a comment,15.71,Four,In stock,12
db84624b151cbe06,No Love Allowed (Dodge ...,Young Adult,54.65,Four,In stock,12
e7fe3bf2768602cf,Murder at the 42nd ...,Mystery,54.36,Four,In stock,12
c039f5aceb093537,Most Wanted,Mystery,35.28,Three,In stock,12
9546d537fbf99eb6,"Love, Lies and Spies",Historical Fiction,20.55,Two,In stock,12
b978c9852cde91bd,How to Speak Golf: ...,Default,58.32,Five,In stock,12
bddc6fd036eb6279,Hide Away (Eve Duncan ...,Mystery,11.84,One,In stock,12
c6a29d6df8de968c,Furiously Happy: A Funny ...,Nonfiction,41.46,Four,In stock,12
76319fe9d8b465a3,Everyday Italian: 125 Simple ...,Food and Drink,20.1,Five,In stock,12
3968e3fbf4695d7c,Equal Is Unfair: America's ...,Politics,56.86,One,In stock,12
6983328f15506cb9,Eleanor & Park,Default,56.51,Five,In stock,12
df7e628bad5782b4,Dirty (Dive Bar #1),Romance,40.83,Four,In stock,12
d069086944f2e330,Can You Keep a ...,Horror,48.64,One,In stock,12
49b24c6a41b82bd2,Boar Island (Anna Pigeon ...,Mystery,59.48,Three,In stock,12
63343e287971bb0c,A Paris Apartment,Historical Fiction,39.01,Four,In stock,12
a4eef523118805ef,A la Mode: 120 ...,Food and Drink,38.77,One,In stock,12
515cb8fcafb1ad98,Troublemaker: Surviving Hollywood and ...,Default,48.39,Two,In stock,11
6159d8b187831770,The Widow,Mystery,27.26,Two,In stock,11
985991708c47003e,The Sleep Revolution: Transforming ...,Nonfiction,11.68,Four,In stock,11
437d8dea9272d0a9,The Improbability of Love,Fiction,59.45,One,In stock,11
1c584f82a7a1c4f0,The Art of Startup ...,Business,21.0,Three,In stock,11
cf62fa272b5f0fa3,Take Me Home Tonight ...,Romance,53.98,Three,In stock,11
f435aa99d864077d,Sleeping Giants (Themis Files ...,Science Fiction,48.74,One,In stock,11
b06599b108e83f98,Setting the World on ...,Biography,21.15,Two,In stock,11
05a61a3bd8ca4149,Playing with Fire,Mystery,13.71,Three,In stock,11
b783ce08802cd1d1,Off the Hook (Fishing ...,Romance,47.67,Three,In stock,11
47e1b2d43f709995,Mothering Sunday,Fiction,13.34,Two,In stock,11
28b2df9fadc9f07e,"Mother, Can You Not?",Nonfiction,16.89,Five,In stock,11
5569c3fea112718e,M Train,Autobiography,27.18,One,In stock,11
bade9943ee01b63f,Lilac Girls,Historical Fiction,17.28,Two,In stock,11
469508882dfc1991,Lies and Other Acts ...,Fiction,45.14,One,In stock,11
825d6c44da3ca5a6,Lab Girl,Autobiography,40.85,One,In stock,11
20dc4f1ac5d4fd9c,Keep Me Posted,Womens Fiction,20.46,Four,In stock,11
ce8666d9b42fc9a0,It Didn't Start with ...,Psychology,56.27,Three,In stock,11
b5953ca1f8a0b8d7,Grey (Fifty Shades #4),Womens Fiction,48.49,Four,In stock,11
c65c25d990fc7025,"Exit, Pursued by a ...",Young Adult,51.34,Four,In stock,11
f608c903c451f387,Daredevils,Fiction,16.34,Three,In stock,11
2587c54f5530dafc,Cravings: Recipes for What ...,Food and Drink,20.5,Three,In stock,11
816180220e8cb419,Born for This: How ...,Business,21.59,Five,In stock,11
2c34f9432069b52b,Arena,Science Fiction,21.36,Four,In stock,11
bb967277222e689c,Adultery,Default,20.88,Five,In stock,11
2b69dec0193511d9,A Mother's Reckoning: Living ...,Nonfiction,19.53,Three,In stock,11
40c4bf520c17de54,A Gentleman's Position (Society ...,Romance,14.75,Five,In stock,11
a9d7b75461084a26,11/22/63,Fiction,48.48,Three,In stock,11
34669b2e9d407d3a,10% Happier: How I ...,Nonfiction,24.57,Two,In stock,10
96aa539bfd4c07e2,10-Day Green Smoothie Cleanse: ...,Health,49.71,Five,In stock,10
ab60e6f5a63e1cfb,Without Shame,Add a comment,48.27,Five,In stock,9
d1848064c54e01c7,Watchmen,Add a comment,58.05,Four,In stock,9
4fd0a2a350f016e6,Unlimited Intuition Now,Default,58.87,Four,In stock,9
0967effecd292a86,Underlying Notes,Default,11.82,Two,In stock,9
903a9f8090104c2c,The Shack,Fiction,28.03,One,In stock,9
4b50fb1359ebf35d,The New Brand You: ...,Default,44.05,Five,In stock,9
65cfc9f242c2984a,The Moosewood Cookbook: Recipes ...,Food and Drink,12.34,Four,In stock,9
33396269bcce166f,The Flowers Lied,Default,16.68,Two,In stock,9
ca74f2e3c35a3e77,The Fabric of the ...,Science,55.91,One,In stock,9
3f25a2fedae191cc,The Book of Mormon,Religion,24.57,Three,In stock,9
f9c87ccb2bc4853b,The Art and Science ...,Health,52.98,Five,In stock,9
e77594ece9b9d1fe,The Alien Club,Young Adult,54.4,One,In stock,9
0e095ed785af7e43,Suzie Snowflake: One beautiful ...,Novels,54.81,Five,In stock,9
913e7109cec0cb4c,Nap-a-Roo,Childrens,25.08,One,In stock,9
ee6c67859d70186b,NaNo What Now? Finding ...,Default,10.41,Four,In stock,9
6baac632f7711e26,Modern Day Fables,Default,47.44,Two,In stock,9
8fab4c4f6f82a4ce,If I Gave You ...,Spirituality,20.91,One,In stock,9
97187f5cf0385da3,"Fruits Basket, Vol. 9 ...",Sequential Art,33.95,Four,In stock,9
7e9068872228c474,Dress Your Family in ...,Humor,43.68,Three,In stock,9
e845d305f64154f1,Don't Forget Steven,Young Adult,33.23,One,In stock,9
7186241e043de5dc,Chernobyl 01:23:40: The Incredible ...,Nonfiction,35.92,Two,In stock,9
d6d9ffea95f2f8bf,Art and Fear: Observations ...,Art,48.63,Four,In stock,9
63d5f1651880dcea,A Shard of Ice ...,Fantasy,56.63,Three,In stock,9
c181ca8eabe7d18c,A Hero's Curse (The ...,Add a comment,50.49,Three,In stock,9
61cf7eb9d2cd8bb0,23 Degrees South: A ...,Add a comment,35.79,Two,In stock,9
e77033ce559947f7,Zero to One: Notes ...,Nonfiction,34.06,Three,In stock,8
04f6c929888f4f11,Why Not Me?,Nonfiction,17.76,One,In stock,8
b69c852e7e3956af,When Breath Becomes Air,Nonfiction,39.36,Two,In stock,8
1809259a5a5f1d8d,Vagabonding: An Uncommon Guide ...,Travel,36.94,Two,In stock,8
e0bdd79c7304ee8d,The Unlikely Pilgrimage of ...,Default,43.62,Five,In stock,8
3eec766dda26fa64,The New Drawing on ...,Art,43.02,Three,In stock,8
5a0d2e9284004266,"The Midnight Assassin: Panic, ...",Nonfiction,28.45,Four,In stock,8
9afd00e81d6208e6,The Martian (The Martian ...,Default,41.39,Two,In stock,8
4f283dfcbeccc0d4,The High Mountains of ...,Fiction,51.15,One,In stock,8
1bba4b1ba23ed2d6,The Grownup,Short Stories,35.88,One,In stock,8
a2308a936e898d48,The E-Myth Revisited: Why ...,Business,36.91,One,In stock,8
331c26103d885cae,South of Sunshine,Young Adult,28.93,One,In stock,8
a2475a245c9907c4,Smarter Faster Better: The ...,Nonfiction,38.89,Five,In stock,8
e46a164cf310fd7d,Silence in the Dark ...,Suspense,58.33,Three,In stock,8
bee6e93e9976f4fa,Shadows of the Past ...,Christian Fiction,39.67,Five,In stock,8
aeb51dfbe8aeec59,Roller Girl,Sequential Art,14.1,Five,In stock,8
52fc458ffc756faf,Rising Strong,Nonfiction,21.82,Three,In stock,8
d56d0710668bb39c,Proofs of God: Classical ...,Philosophy,54.21,One,In stock,8
4a823d80aa30dbb0,Please Kill Me: The ...,Music,31.19,Four,In stock,8
c0fc0cd215ee1724,Out of Print: City ...,Poetry,53.64,Five,In stock,8
9a7291b89bd5445c,My Life Next Door ...,Young Adult,36.39,Five,In stock,8
bff270fe9c86a5a9,Miller's Valley,Fiction,58.54,Two,In stock,8
4729afff3bea0f0a,Man's Search for Meaning,Nonfiction,29.48,Three,In stock,8
4d3a4c7b442a9a4e,Love That Boy: What ...,Nonfiction,25.06,Two,In stock,8
044534b0b28b4e87,Living Forward: A Proven ...,Nonfiction,12.55,Three,In stock,8
c44c5e1425475206,Les Fleurs du Mal,Poetry,29.04,Five,In stock,8
29af1a2566c4e36e,Left Behind (Left Behind ...,Default,40.72,Two,In stock,8
39eefec3a8498dde,Kill 'Em and Leave: ...,Music,45.05,Five,In stock,8
0cf57cb49272fd37,Kierkegaard: A Christian Missionary ...,Philosophy,47.13,One,In stock,8
bd26e8a79a856c31,John Vassos: Industrial Design ...,Default,20.22,Four,In stock,8
0ab4b35dcffcffd1,I'll Give You the ...,Default,56.48,One,In stock,8
bbf1ea50be8008ab,I Will Find You,Nonfiction,44.21,One,In stock,8
0bfdef63285d3019,Hystopia: A Novel,Fiction,21.96,Four,In stock,8
b7870fa6dc088fbb,Howl and Other Poems,Poetry,40.45,Two,In stock,8
8a150fd8ff5d7686,History of Beauty,Art,10.29,Four,In stock,8
d48c1369927ebef1,Heaven is for Real: ...,Default,52.86,Two,In stock,8
df6a7c43faa6732b,Future Shock (Future Shock ...,Young Adult,55.65,Five,In stock,8
e049d44c4f1cf1b2,Ender's Game (The Ender ...,Default,43.64,One,In stock,8
0c11e2d068768dbb,Diary of a Citizen ...,Science,28.41,One,In stock,8
4dbd54d9e36c9566,Death by Leisure: A ...,Default,37.51,Four,In stock,8
7f5157bf53065d36,Brilliant Beacons: A History ...,History,11.45,Three,In stock,8
77e9ea355bd8ae57,Brazen: The Courage to ...,Nonfiction,19.22,Two,In stock,8
04e3de7ac35ec5cd,Between the World and ...,Nonfiction,56.91,Four,In stock,8
15ebd83e53d0391b,Being Mortal: Medicine and ...,Nonfiction,55.06,Four,In stock,8
fef91502cbacf23a,A Murder Over a ...,Nonfiction,13.2,Three,In stock,8
b1a227b7609ff263,32 Yolks,Food and Drink,53.63,Two,In stock,8
f16c2edb2a603f92,"""Most Blessed of the ...",History,44.48,Five,In stock,8
88ec621893e595d0,You Are a Badass: ...,Self Help,12.08,Three,In stock,7
b46d022080543144,Wildlife of New York: ...,Default,22.14,Two,In stock,7
9735c969c652dd89,What Happened on Beale ...,Mystery,25.37,Five,In stock,7
48cb52d78c992487,Unreasonable Hope: Finding Faith ...,Spirituality,46.33,Two,In stock,7
a94350ee74deaa07,Under the Tuscan Sun,Travel,37.33,Three,In stock,7
4242cc3d0437db12,Toddlers Are A**holes: It's ...,Humor,25.55,One,In stock,7
4a0b78598b42897a,The Year of Living ...,Default,34.72,One,In stock,7
0ff9d10864db8364,The Whale,Childrens,35.96,Four,In stock,7
9147c5251cc99eb1,The Story of Art,Art,41.14,Four,In stock,7
0345872b14f9e774,The Origin of Species,Science,10.01,Four,In stock,7
a8dbf1c6b41b885a,The Great Gatsby,Default,36.05,Four,In stock,7
f935412970c9f58f,The Good Girl,Default,49.03,Three,In stock,7
47f4fd3e8e1dac05,The Glass Castle,Add a comment,16.24,One,In stock,7
57f85720e54d6442,The Faith of Christopher ...,Biography,39.55,One,In stock,7
7a10353c9c54cf7c,The Drowning Girls,Add a comment,35.67,Three,In stock,7
24933c712f0bca2f,The Constant Princess (The ...,Historical Fiction,16.62,Three,In stock,7
d250657f0ebc5d73,The Bourne Identity (Jason ...,Fiction,42.78,Four,In stock,7
20789fb17b423c4c,The Bachelor Girl's Guide ...,Mystery,52.3,Five,In stock,7
4b8fa561a1e52d1c,The Art Book,Art,32.34,Two,In stock,7
5fbd03b1ac0a0e69,The 7 Habits of ...,Default,33.17,Four,In stock,7
ba047a636b7d3793,Team of Rivals: The ...,Add a comment,20.12,Five,In stock,7
8776181be110838a,Steal Like an Artist: ...,Default,20.9,Two,In stock,7
bd087cf6a846db75,"Sit, Stay, Love",Romance,20.9,Three,In stock,7
7ffebdd1d5148aef,Sister Dear,Fiction,40.2,Four,In stock,7
9639e89d20228e6e,"Shrunken Treasures: Literary Classics, ...",Childrens,52.87,Three,In stock,7
8486f61aa81a3daa,"Rich Dad, Poor Dad",Business,51.74,One,In stock,7
31c56c4d0fe19340,Raymie Nightingale,Childrens,34.41,Two,In stock,7
68008abf6409dfde,Playing from the Heart,Childrens,32.38,One,In stock,7
746029796363aa51,Nightstruck: A Novel,Young Adult,50.35,Four,In stock,7
924438fc6cbec836,Naturally Lean: 125 Nourishing ...,Food and Drink,11.38,Five,In stock,7
725cd8d23d78cdca,Meternity,Womens Fiction,43.58,Three,In stock,7
dac4b5847454fd9b,Memoirs of a Geisha,Fiction,49.67,Three,In stock,7
b6670507e85b30e6,Like Never Before (Walker ...,Christian Fiction,28.77,Two,In stock,7
40cdcbb7692fd408,Life of Pi,Default,13.22,Four,In stock,7
b74ee891e2a6dd69,Leave This Song Behind: ...,Poetry,51.17,Five,In stock,7
4c82371b8cd02d4d,King's Folly (The Kinsman ...,Fantasy,39.61,Five,In stock,7
68407606544d6f22,John Adams,Add a comment,57.43,Four,In stock,7
2a9fcb3382d351c8,How to Cook Everything ...,Food and Drink,46.01,Four,In stock,7
eff5710404e2ff78,How to Be a ...,Food and Drink,28.25,Two,In stock,7
c00bc29a678a6efb,Good in Bed (Cannie ...,Add a comment,37.05,Five,In stock,7
de6d7645f192d517,"Fruits Basket, Vol. 7 ...",Sequential Art,19.57,One,In stock,7
2e40333991f56f45,For the Love: Fighting ...,Nonfiction,45.13,Three,In stock,7
4e78f06160b717ac,Finding God in the ...,Nonfiction,46.64,Two,In stock,7
4fa75fc6829431ca,Every Heart a Doorway ...,Fantasy,12.16,Five,In stock,7
4e980425468708da,Delivering the Truth (Quaker ...,Mystery,20.89,Four,In stock,7
4807043b8218e9ce,Counted With the Stars ...,Christian Fiction,17.97,Five,In stock,7
4781b6bfd6f7a2c5,"Chronicles, Vol. 1",Music,52.6,Two,In stock,7
a322361a37a78d3d,Blue Like Jazz: Nonreligious ...,Christian,25.77,One,In stock,7
5b546a46a86a9d8c,Benjamin Franklin: An American ...,Biography,48.19,Three,In stock,7
6b52904b2ab91bf6,At The Existentialist CafÃ©: ...,Philosophy,29.93,Five,In stock,7
cc1936a9f4e93477,A Summer In Europe,Travel,44.34,Two,In stock,7
6c7fa6844380f50a,A Short History of ...,History,52.4,Five,In stock,7
d1378a0ad06ff979,A Gathering of Shadows ...,Fantasy,44.81,Four,In stock,7
5ba3d703d1ae0c1d,The Sound Of Love,Default,57.84,Five,In stock,6
774fa432bd7d9c47,The Rise and Fall ...,History,39.67,Two,In stock,6
fd364afd082f5446,The Perks of Being ...,Default,55.02,Three,In stock,6
2da5edf8b5776c9a,The Mysterious Affair at ...,Mystery,24.8,Four,In stock,6
60376aa71be66083,The Man Who Mistook ...,Nonfiction,59.45,Four,In stock,6
2efa5a839e62b1bd,The Makings of a ...,Default,31.58,Two,In stock,6
d326e189b1210916,The Joy of Cooking,Add a comment,43.27,Four,In stock,6
e6635f5b0a2c78db,The Invention of Wings,Historical Fiction,37.34,One,In stock,6
72b5355dda190b6a,The Hobbit (Middle-Earth Universe),Default,17.8,Five,In stock,6
48736df57e7bec9f,The Great Railway Bazaar,Travel,30.54,One,In stock,6
d33824cb93ecab6f,The Golden Compass (His ...,Add a comment,18.77,One,In stock,6
2bc80eba94950873,The God Delusion,Add a comment,46.85,Three,In stock,6
eb7459e0c570251d,The Girl You Left ...,Historical,15.79,One,In stock,6
cb17945cb90b7837,The Fellowship of the ...,Default,10.27,Two,In stock,6
3d250ab0f12be445,The Collected Poems of ...,Poetry,15.42,Five,In stock,6
6478ccb4416e6a5d,The Barefoot Contessa Cookbook,Food and Drink,59.92,Five,In stock,6
2a1b3d967cda1da2,Tell the Wolves I'm ...,Young Adult,50.96,Two,In stock,6
8d8e9f9b8730eb25,Ship Leaves Harbor: Essays ...,Default,30.6,Three,In stock,6
720c36b2bee4692e,Pride and Prejudice,Add a comment,19.27,Four,In stock,6
6d235933670503d9,Musicophilia: Tales of Music ...,Default,46.58,One,In stock,6
f38f37ed934d84b2,Mere Christianity,Add a comment,48.51,Three,In stock,6
7a2b51f69e81c722,Me Before You (Me ...,Fiction,19.02,One,In stock,6
6958de044cb28a84,In the Woods (Dublin ...,Mystery,38.38,Two,In stock,6
fe0f34ebed689381,In Cold Blood,Nonfiction,49.98,Four,In stock,6
e792c0969cefe1b8,How to Stop Worrying ...,Self Help,46.49,Five,In stock,6
012170e4fc87ace0,Give It Back,Thriller,18.32,Two,In stock,6
384c7d41d5ffe9d1,"Girl, Interrupted",Nonfiction,42.14,Three,In stock,6
56a34d0cec11d6b0,Fun Home: A Family ...,Add a comment,56.59,Four,In stock,6
97258f576d4bb672,"Fruits Basket, Vol. 6 ...",Sequential Art,20.96,Four,In stock,6
4e3b183180e2a992,Deception Point,Fiction,40.32,Four,In stock,6
6e06d0f00f6da20f,"Death Note, Vol. 6: ...",Sequential Art,36.39,Three,In stock,6
f3c70d296ec796c4,Catherine the Great: Portrait ...,History,58.55,Four,In stock,6
faf841f81c52638b,Better Homes and Gardens ...,Food and Drink,39.61,Three,In stock,6
46cb43c2ab133ccc,An Unquiet Mind: A ...,Psychology,21.3,Three,In stock,6
9e60929f521fa280,A Year in Provence ...,Travel,56.88,Four,In stock,6
2e5b4ff08a75fd02,World Without End (The ...,Historical Fiction,32.97,Four,In stock,5
e75f3ae1da1cc652,"Will Grayson, Will Grayson ...",Young Adult,47.31,Four,In stock,5
759ee7d059b1beb8,Why Save the Bankers?: ...,Nonfiction,48.67,Two,In stock,5
60369d96b7b80869,Where She Went (If ...,Young Adult,41.73,Four,In stock,5
163d89116179c33f,What If?: Serious Scientific ...,Default,53.68,Four,In stock,5
3a7d54a264d9f33e,Two Summers,Young Adult,14.64,One,In stock,5
bc209a900101f28d,This Is Your Brain ...,Music,38.4,One,In stock,5
abbb492978ff656d,The Secret Garden,Classics,15.08,Four,In stock,5
2e4fc5eacceec12c,The Raven King (The ...,Add a comment,30.57,Two,In stock,5
e0b3a679b83caccc,The Raven Boys (The ...,Fantasy,57.74,Four,In stock,5
f701fae56b645ef7,The Power Greens Cookbook: ...,Food and Drink,11.05,Five,In stock,5
93379e3a2072a01b,The Metamorphosis,Classics,28.58,One,In stock,5
0d210d2448c3018f,The Mathews Men: Seven ...,History,42.91,Five,In stock,5
dfd9ff1f343cdaff,The Little Paris Bookshop,Fiction,24.73,Three,In stock,5
c4589ee5977a47be,The Hiding Place,History,55.91,Four,In stock,5
3213b1f13f5f0f7c,The Grand Design,Science,13.76,Three,In stock,5
ad84f18659e6bfe2,The Firm,Fiction,45.56,Three,In stock,5
3661360c99719414,The Fault in Our ...,Default,47.22,One,In stock,5
a2a9f76339d21ab1,The False Prince (The ...,Fantasy,56.0,Five,In stock,5
fe7210553d56c097,The Expatriates,Fiction,44.58,Two,In stock,5
fec06f52054ea900,The Dream Thieves (The ...,Default,34.5,One,In stock,5
c4182bdb53e2459a,The Darkest Corners,Young Adult,11.33,Five,In stock,5
b228042c088b1913,The Crossover,Poetry,38.77,Four,In stock,5
b716233fcb6877e6,The 5th Wave (The ...,Default,11.83,Two,In stock,5
84126312e2431a09,Tell the Wind and ...,Fantasy,45.51,Three,In stock,5
50d5a7b861ed1c54,Tell Me Three Things,Young Adult,41.81,One,In stock,5
1dba84766a5e87b8,Talking to Girls About ...,Nonfiction,25.15,Four,In stock,5
84bb29c53592ac40,Siddhartha,Fiction,34.22,Five,In stock,5
59a8ae019b64f2a7,Shiver (The Wolves of ...,Default,16.23,Five,In stock,5
2973d38c2fbd7a5c,Remember Me?,Default,11.48,Three,In stock,5
e958ae92f328c181,Red Dragon (Hannibal Lecter ...,Horror,23.37,Three,In stock,5
6036239d2ab349b7,Peak: Secrets from the ...,Science,16.28,Two,In stock,5
a4ce39a3720cd679,My Mother Was Nuts,Nonfiction,31.63,Four,In stock,5
12a90b90283b2e6d,Mexican Today: New and ...,Food and Drink,24.91,Five,In stock,5
81c68492ccd72941,Maybe Something Beautiful: How ...,Childrens,22.54,One,In stock,5
5e1a88d248599768,Lola and the Boy ...,Young Adult,23.63,Four,In stock,5
7093cf549cd2e7de,Logan Kade (Fallen Crest ...,Academic,13.12,Two,In stock,5
07e6810fd3236bda,Last One Home (New ...,Fiction,59.98,Three,In stock,5
8dde2ff3f6fcc0a3,Killing Floor (Jack Reacher ...,Thriller,31.49,Four,In stock,5
44f545727e704187,Kill the Boy Band,Young Adult,15.52,Five,In stock,5
45045146dbf7b009,Isla and the Happily ...,Young Adult,48.13,Five,In stock,5
7284d85428305f5a,If I Stay (If ...,Default,38.13,Five,In stock,5
d219d4e325e6f204,I Know Why the ...,Default,36.55,Two,In stock,5
6c49258724f11770,Harry Potter and the ...,Default,23.32,One,In stock,5
3fd83dcf37bf1bc0,"Fruits Basket, Vol. 5 ...",Sequential Art,16.33,One,In stock,5
3fc124f59f3068e4,Foundation (Foundation (Publication Order) ...,Science Fiction,32.42,One,In stock,5
630e766f0a1987dd,Fool Me Once,Default,16.96,One,In stock,5
b28c7d07afa7063b,Find Her (Detective D.D. ...,Add a comment,22.37,One,In stock,5
75cc85cdbe9ad46b,Evicted: Poverty and Profit ...,Add a comment,42.27,One,In stock,5
d5ad4c92d8bf26c9,Drama,Default,38.7,Two,In stock,5
e46b1074b99ac4b6,Dracula the Un-Dead,Horror,35.63,Five,In stock,5
94bb629a3f6dd00b,Digital Fortress,Fiction,58.0,Five,In stock,5
1c0a38899c82b60a,"Death Note, Vol. 5: ...",Sequential Art,52.41,One,In stock,5
bcf567421c581f0a,"Data, A Love Story: ...",Nonfiction,32.35,Three,In stock,5
429b4a811bef386c,Critique of Pure Reason,Philosophy,20.75,One,In stock,5
b54d7416bb445989,Booked,Poetry,17.49,Five,In stock,5
ad5e078beceaeb4a,"Blue Lily, Lily Blue ...",Default,34.13,Five,In stock,5
612369a5947a012e,Approval Junkie: Adventures in ...,Autobiography,58.81,Five,In stock,5
f36d24c309e87e5b,An Abundance of Katherines,Young Adult,10.0,Five,In stock,5
add33db6ff80db24,America's War for the ...,History,51.22,Two,In stock,5
d9290e99f189ce84,Alight (The Generations Trilogy ...,Default,58.59,Four,In stock,5
cf3b86489890b9f2,A Girl's Guide to ...,Romance,31.3,One,In stock,5
03cbb67c0f990d87,A Game of Thrones ...,Add a comment,46.42,Two,In stock,5
f2c8f4b4c94d5c5c,A Feast for Crows ...,Fantasy,17.21,Four,In stock,5
89a89e76f3516357,A Clash of Kings ...,Add a comment,10.79,Three,In stock,5
a8f4577a48023344,Vogue Colors A to ...,Default,52.35,Four,In stock,4
d4de23aa98acc65b,The Shining (The Shining ...,Default,27.88,Three,In stock,4
6053ddf69c967d5f,The Pilgrim's Progress,Classics,50.26,Two,In stock,4
9cc207168a03470d,The Perfect Play (Play ...,Romance,59.99,Three,In stock,4
011674f4a3834b8d,The Passion of Dolssa,Historical Fiction,28.32,Five,In stock,4
6a57286a8890d8c5,The Jazz of Physics: ...,Nonfiction,38.71,Three,In stock,4
6d2f70d9424f41a1,The Hunger Games (The ...,Default,29.85,Five,In stock,4
6587f46697fc4443,The Hound of the ...,Classics,14.82,Two,In stock,4
45033bdf3d9ed158,The Gunning of America: ...,Nonfiction,16.81,Four,In stock,4
c65ee14957c0fa5c,The Geography of Bliss: ...,Nonfiction,28.23,Two,In stock,4
ff2dffba388d9922,The Demonists (Demonist #1),Fantasy,52.11,Two,In stock,4
df53c2948b32bde3,The Demon Prince of ...,Sequential Art,27.88,Two,In stock,4
9c4d061c1e2fe6bf,The Bone Hunters (Lexy ...,Thriller,59.71,Three,In stock,4
8930013d06942df1,The Beast (Black Dagger ...,Fantasy,46.08,Five,In stock,4
31f5bbf4974d29c9,Some Women,Womens Fiction,13.73,Five,In stock,4
38199c5d7da0c0ef,Shopaholic Ties the Knot ...,Womens Fiction,48.39,Five,In stock,4
ae884ac655d6ee3e,Paper and Fire (The ...,Fantasy,49.45,Five,In stock,4
5de4baa88061a77a,Outlander (Outlander #1),Default,19.67,Five,In stock,4
2ba5ccc84d35006c,Orchestra of Exiles: The ...,Music,12.36,Three,In stock,4
3a95f5a2df4ff921,No One Here Gets ...,Music,20.02,Five,In stock,4
869d20b3b8128230,Night Shift (Night Shift ...,Horror,12.75,Four,In stock,4
70b585c9d0f15725,Needful Things,Horror,47.51,Four,In stock,4
5212c6acea3359e5,Mockingjay (The Hunger Games ...,Default,20.44,Four,In stock,4
81d4191030b9704b,Misery,Horror,34.79,Two,In stock,4
deda806b68b0aa11,Little Women (Little Women ...,Classics,28.07,Four,In stock,4
670a2773607d785d,It,Horror,25.01,Three,In stock,4
ac337893a9fe0085,Harry Potter and the ...,Default,13.9,Three,In stock,4
eff24325e0ede639,Harry Potter and the ...,Young Adult,24.17,Four,In stock,4
5a6b7155f2797537,Harry Potter and the ...,Fantasy,31.63,Four,In stock,4
73f4f87dd936ee5c,Harry Potter and the ...,Fantasy,48.75,Five,In stock,4
c7c4f55b7321cba7,Harry Potter and the ...,Fantasy,14.74,One,In stock,4
23310ce84d3c9f85,Gone with the Wind,Classics,32.49,Three,In stock,4
ddbc5530d2939d49,God Is Not Great: ...,Nonfiction,27.8,One,In stock,4
5eff05e59f905a49,Girl With a Pearl ...,Historical Fiction,26.77,One,In stock,4
8fff1084aa085a13,"Fruits Basket, Vol. 4 ...",Sequential Art,50.44,Four,In stock,4
ad15a9a139919918,Far From True (Promise ...,Thriller,34.93,Two,In stock,4
2b69d289279aabfd,Dark Lover (Black Dagger ...,Romance,12.87,One,In stock,4
a2dc754afb69bb32,Confessions of a Shopaholic ...,Default,48.94,Two,In stock,4
aaebac5fda798b1b,Changing the Game (Play ...,Romance,13.38,Three,In stock,4
2798974abc8a58a8,Candide,Classics,58.63,Three,In stock,4
0812f54c93d726ce,Can You Keep a ...,Womens Fiction,21.94,One,In stock,4
78a4ac98191ac675,Atlas Shrugged,Fiction,26.58,Five,In stock,4
1451b55e5e56bb89,Animal Farm,Classics,57.22,Three,In stock,4
aead11697d14ea36,A Walk to Remember,Romance,56.43,One,In stock,4
f6ae39568db1130e,A New Earth: Awakening ...,Spirituality,55.65,Five,In stock,4
d12ca4020c2f602e,A History of God: ...,Religion,27.62,One,In stock,4
6e9403f00acd6752,'Salem's Lot,Horror,49.56,Four,In stock,4
634b7165c96ebb9f,Zero History (Blue Ant ...,Default,34.77,One,In stock,3
5a7ff9aaa3168878,Wuthering Heights,Classics,17.73,Three,In stock,3
5d55202da0252627,World War Z: An ...,Default,21.8,One,In stock,3
d30b9215c72cca87,Wild: From Lost to ...,Default,46.02,Three,In stock,3
07bb35158d9dd3d2,"Where'd You Go, Bernadette",Default,18.13,One,In stock,3
dab0196cd5fc8e5e,When You Are Engulfed ...,Humor,30.89,Five,In stock,3
06bab964fd536971,We the People: The ...,Nonfiction,31.95,Three,In stock,3
be3db344a845580b,We Are All Completely ...,Contemporary,24.04,One,In stock,3
0e4e2d31c2fb3aad,Walk the Edge (Thunder ...,Young Adult,32.36,Three,In stock,3
7feac4000cbc5859,Voyager (Outlander #3),Historical Fiction,21.07,Five,In stock,3
52aa3d79b1cee455,Very Good Lives: The ...,Nonfiction,50.66,Three,In stock,3
4672d10b9b1e7a05,Vegan Vegetarian Omnivore: Dinner ...,Food and Drink,13.66,Two,In stock,3
b830685072fa871f,"Unstuffed: Decluttering Your Home, ...",Nonfiction,58.09,One,In stock,3
599a4f98bb193368,Under the Banner of ...,Nonfiction,30.0,One,In stock,3
61bc8167c9680283,Two Boys Kissing,Young Adult,32.74,Two,In stock,3
b53078de0147f6bf,Twilight (Twilight #1),Default,41.93,Two,In stock,3
8ebad30219b8679c,Twenties Girl,Womens Fiction,42.8,Two,In stock,3
2173a2ce35f6ace1,Trespassing Across America: One ...,Nonfiction,53.51,One,In stock,3
57f755143ee96fd4,Three-Martini Lunch,Fiction,23.21,Three,In stock,3
719d72f3ee512dc6,"Thinking, Fast and Slow",Psychology,21.14,One,In stock,3
75fed6a47f69859d,The Wild Robot,Childrens,56.07,Three,In stock,3
a33ed2e6068df53e,The Wicked + The ...,Sequential Art,14.41,Three,In stock,3
813cff2aefa5d1f0,The Undomestic Goddess,Womens Fiction,45.75,Four,In stock,3
2b685187f55c5d31,The Travelers,Thriller,15.77,One,In stock,3
224fa77d4b248046,The Tipping Point: How ...,Add a comment,10.02,Two,In stock,3
3d15714d4d3d15dd,The Thing About Jellyfish,Childrens,48.77,One,In stock,3
49f24193f0b961e6,The Stand,Horror,57.86,Two,In stock,3
742702d662a71410,The Smitten Kitchen Cookbook,Food and Drink,23.59,One,In stock,3
f06039c29b5891fa,The Silkworm (Cormoran Strike ...,Mystery,23.05,Five,In stock,3
91eb9605998a7c03,"The Sandman, Vol. 3: ...",Sequential Art,55.55,Five,In stock,3
322a9e34d87f54b1,The Rose & the ...,Fantasy,58.64,Four,In stock,3
366a236aa1ea6f07,The Road to Little ...,Travel,23.21,One,In stock,3
1a5044d233936b1a,The Rise of Theodore ...,Biography,42.57,Three,In stock,3
0e92ccf1bd39e68f,The Restaurant at the ...,Science Fiction,10.92,One,In stock,3
e2d47e82c50d41d9,The Rest Is Noise: ...,Add a comment,34.77,One,In stock,3
3c456328b04a8ee8,The Red Tent,Historical Fiction,35.66,Five,In stock,3
0e7beedf0ee9380c,The Purpose Driven Life: ...,Add a comment,37.19,Three,In stock,3
969f6c7e86554814,The Purest Hook (Second ...,Romance,12.25,One,In stock,3
b9f6305a3d650e2c,The Picture of Dorian ...,Classics,29.7,Two,In stock,3
fa26798728f5208f,The Paris Wife,Default,36.8,Three,In stock,3
ee441c8e027caa66,The Obsession,Romance,45.43,One,In stock,3
29d6d87f3418638b,The Nightingale,Fiction,26.26,Four,In stock,3
3e42ac0f4d43320f,The New Guy (and ...,Young Adult,44.92,Three,In stock,3
6263c1d2997b8ce0,The Nanny Diaries (Nanny ...,Womens Fiction,52.53,Five,In stock,3
0baf71623648413a,The Name of God ...,Nonfiction,37.25,Two,In stock,3
4266f48a0aa1c37d,The Maze Runner (The ...,Default,20.93,One,In stock,3
36c15687f5ab0f7c,The Lover's Dictionary,Default,58.09,Two,In stock,3
cf2f27fdf94ba20e,The Lonely Ones,Childrens,43.59,Five,In stock,3
70c7c3ca7f9b2728,The Lean Startup: How ...,Business,33.92,Three,In stock,3
476c7972e9b41891,The Last Painting of ...,Historical Fiction,55.55,Two,In stock,3
35e69a79d2b1e804,"The Land of 10,000 ...",Young Adult,29.64,Four,In stock,3
554e9e2d532b3a87,The Infinities,Fiction,27.41,One,In stock,3
ff6bb30dd0c482a6,The Husband's Secret,Fiction,52.51,Five,In stock,3
a8b0ea6490bc818f,The Hitchhiker's Guide to ...,Add a comment,47.8,Three,In stock,3
b5da59dd177eb36b,The Guns of August,History,14.54,Two,In stock,3
4a0a276409968a73,The Guernsey Literary and ...,Historical Fiction,49.53,One,In stock,3
c88422d8959260ab,The Goldfinch,Default,43.58,Three,In stock,3
e2dac1f4739e0bd5,The Giver (The Giver ...,Default,12.3,One,In stock,3
92dcc54a27107a37,The Girl with All ...,Horror,49.47,Three,In stock,3
bfa9cb304075d3e8,The Girl Who Played ...,Default,22.14,Two,In stock,3
8f5d16a5a9bd58b2,The Girl Who Kicked ...,Add a comment,57.48,One,In stock,3
dd003e904727281a,The Exiled,Mystery,43.45,Three,In stock,3
b3f2bc2cefb35f05,The End of Faith: ...,Add a comment,22.13,Four,In stock,3
c6bf14cb901c63ac,"The Elegant Universe: Superstrings, ...",Science,13.03,Four,In stock,3
63c0826ef59eae66,The Disappearing Spoon: And ...,Science,57.35,Five,In stock,3
a6ab0cb7106a67f2,The Devil Wears Prada ...,Womens Fiction,44.29,One,In stock,3
f51062bf579507d9,The Demon-Haunted World: Science ...,Default,52.25,Four,In stock,3
b22362b434e8ee62,The Day the Crayons ...,Childrens,26.33,Five,In stock,3
dabf11918b48b40c,The Da Vinci Code ...,Fiction,22.96,Two,In stock,3
1be6d3b121865edb,The Cuckoo's Calling (Cormoran ...,Mystery,19.21,One,In stock,3
cad70d6ffd53912f,The Complete Stories and ...,Classics,26.78,Four,In stock,3
23707d3ddf14a999,The Complete Poems,Add a comment,41.32,Five,In stock,3
487449f4f6322f0f,The Catcher in the ...,Add a comment,24.55,One,In stock,3
b7f475238ed50429,The Cat in the ...,Childrens,16.26,Two,In stock,3
970bd3316219e7dc,The Case for Christ ...,Add a comment,47.84,One,In stock,3
a75e274c8814b539,The Book Thief,Default,53.49,Two,In stock,3
08decd9664e5d56e,The Book of Basketball: ...,Sports and Games,44.84,Five,In stock,3
cd3dcd83bb002e78,The Blind Side: Evolution ...,Add a comment,53.71,Five,In stock,3
b04a6a0db525857d,The Autobiography of Malcolm ...,Default,23.43,Two,In stock,3
311634df10651e05,The Art of Simple ...,Food and Drink,34.32,Three,In stock,3
2858ac90c4758e1f,The Art of Fielding,Fiction,22.1,One,In stock,3
61002f3b7ba5d780,"Surely You're Joking, Mr. ...",Science,25.83,Two,In stock,3
a11ae5f07572ef49,Stiff: The Curious Lives ...,Nonfiction,36.74,Three,In stock,3
f08667e4c0458f37,Spilled Milk: Based on ...,Nonfiction,49.51,One,In stock,3
ac27ab4bcd9c492e,Something Borrowed (Darcy & ...,Womens Fiction,48.96,Five,In stock,3
3fc9d51d1c4d6ba7,Something Blue (Darcy & ...,Womens Fiction,54.62,One,In stock,3
feaaae90514eb2ac,Soldier (Talon #3),Fantasy,24.72,Two,In stock,3
c57d3c96af23c297,Shopaholic & Baby (Shopaholic ...,Default,46.45,Two,In stock,3
07806456878931bc,Seven Days in the ...,Add a comment,52.33,Two,In stock,3
281a244ce1954711,Seven Brief Lessons on ...,Science,30.6,Four,In stock,3
510832818edb6fbc,Scarlet (The Lunar Chronicles ...,Young Adult,14.57,Four,In stock,3
5b2cd5b31a510848,Sarah's Key,Add a comment,46.29,One,In stock,3
7b870bf85d01c2dc,"Saga, Volume 3 (Saga ...",Sequential Art,21.57,Five,In stock,3
28921443f052bea6,Running with Scissors,Autobiography,12.91,Four,In stock,3
b4f5672f68ec3a83,Rogue Lawyer (Rogue Lawyer ...,Add a comment,50.11,Three,In stock,3
89cad3f37c9ce226,Rise of the Rocket ...,Nonfiction,41.67,Four,In stock,3
8e9dd8431170c09e,Rework,Business,44.88,Two,In stock,3
ecdf73ee66c33b17,Reservations for Two,Romance,11.1,Three,In stock,3
4c8ece50736f9e88,Red: The True Story ...,Childrens,28.54,Three,In stock,3
2ef5dc7e278e562a,Ready Player One,Science Fiction,19.07,Four,In stock,3
3c565df219ba3274,Quiet: The Power of ...,Default,43.55,One,In stock,3
9707989a439757b4,Prodigy: The Graphic Novel ...,Sequential Art,43.63,Three,In stock,3
cb62418129b864a3,Persepolis: The Story of ...,Sequential Art,39.13,One,In stock,3
8e2dfd6bcf48e1e6,Packing for Mars: The ...,Default,56.68,Two,In stock,3
09a7b0b566ad6225,Outliers: The Story of ...,Nonfiction,14.16,One,In stock,3
c59283b05905c853,Original Fake,Sequential Art,31.45,Three,In stock,3
8378c899988905ee,Orange Is the New ...,Default,24.61,Two,In stock,3
3250650a5c4e6f07,One for the Money ...,Default,32.87,Two,In stock,3
cb65e49993db9a93,Notes from a Small ...,Nonfiction,40.17,One,In stock,3
c4d9fce9eff3b8ba,Night (The Night Trilogy ...,Nonfiction,13.51,One,In stock,3
747cf7fca2ccdbd4,Neither Here nor There: ...,Travel,38.95,Three,In stock,3
54aeeb4610d3ae08,Naked,Humor,31.69,Three,In stock,3
7ce5a92baabb6bc0,Morning Star (Red Rising ...,Default,29.4,One,In stock,3
7980fa06f2b704d8,Miracles from Heaven: A ...,Nonfiction,57.83,One,In stock,3
e9056f9b5a40a301,Midnight Riot (Peter Grant/ ...,Fantasy,55.46,Two,In stock,3
abc4a7ee16c21088,Me Talk Pretty One ...,Autobiography,57.6,Two,In stock,3
546da23278482b0a,Manuscript Found in Accra,Add a comment,34.98,Two,In stock,3
0dcadb06206abd3c,Lust & Wonder,Autobiography,11.87,Two,In stock,3
4ef75307fb64e2ad,Lila (Gilead #3),Fiction,12.47,Three,In stock,3
4b3f4f151c99f472,"Life, the Universe and ...",Science Fiction,33.26,Two,In stock,3
c53d9fefcda371e9,Life Without a Recipe,Autobiography,59.04,Five,In stock,3
4ec53ff7e2263f32,Life After Life,Default,26.13,Two,In stock,3
1de75f05d57bfc10,Letter to a Christian ...,Nonfiction,22.2,One,In stock,3
1246e4ffeb5ac4ea,Let's Pretend This Never ...,Nonfiction,45.11,One,In stock,3
0ce8075fab4a2b5b,Legend (Legend #1),Young Adult,43.69,Four,In stock,3
d5e1a9bfe22bbf9f,"Lean In: Women, Work, ...",Default,25.02,One,In stock,3
190fbebbf798c31a,Lamb: The Gospel According ...,Humor,55.5,Five,In stock,3
16e843e6b853cc2f,Lady Renegades (Rebel Belle ...,Young Adult,53.04,Five,In stock,3
a0dd11f6abc421ec,Jurassic Park (Jurassic Park ...,Fiction,44.97,One,In stock,3
d4a29356fc992879,It's Never Too Late ...,Nonfiction,42.38,One,In stock,3
034829ffdd0a0aea,Is Everyone Hanging Out ...,Default,20.11,Three,In stock,3
a7c3f1010d64799a,Into the Wild,Nonfiction,56.7,Five,In stock,3
6c4646d90b60a56c,Inferno (Robert Langdon #4),Fiction,41.0,Five,In stock,3
d8292cd5f1aca291,In the Garden of ...,Nonfiction,28.85,Three,In stock,3
61569d12d4ae7161,If I Run (If ...,Christian Fiction,49.97,Four,In stock,3
6b32b561dab8036c,I've Got Your Number,Womens Fiction,19.69,One,In stock,3
8010c7c148057fd3,I Am Malala: The ...,Nonfiction,28.88,Two,In stock,3
6c4d17a46cac8787,Hungry Girl Clean & ...,Food and Drink,33.14,Three,In stock,3
1812b8f5641287e3,House of Lost Worlds: ...,History,43.7,Two,In stock,3
557c03c284be1bf2,House of Leaves,Horror,54.89,One,In stock,3
cc1ac978a6835ef6,Horrible Bear!,Childrens,37.52,Two,In stock,3
0cb4856be3694a57,Holidays on Ice,Humor,51.07,Two,In stock,3
b003f8bb02f76dc5,Heir to the Sky,Fantasy,44.07,Four,In stock,3
621e2c310cec8d32,Green Eggs and Ham ...,Childrens,10.79,Four,In stock,3
4f6985aca357ae09,"Grayson, Vol 3: Nemesis ...",Sequential Art,42.72,One,In stock,3
c300cc9326592b65,Gratitude,Nonfiction,26.66,Five,In stock,3
d5c588b6f9c015e4,Gone Girl,Default,37.6,Five,In stock,3
984b3b6e7479b571,Golden (Heart of Dread ...,Young Adult,42.21,Four,In stock,3
41fc5dce044f16f5,Girl in the Blue ...,Historical Fiction,46.83,Two,In stock,3
d5f5a122a593b580,"Fruits Basket, Vol. 3 ...",Sequential Art,45.17,Two,In stock,3
a9aa3ed5b316470b,Friday Night Lights: A ...,Sports and Games,51.22,Three,In stock,3
2ed3a794a70aa85f,Fire Bound (Sea Haven/Sisters ...,Add a comment,21.28,Four,In stock,3
ed813a848580ba50,Fifty Shades Freed (Fifty ...,Adult Fiction,15.36,Five,In stock,3
147019cae600694e,Fellside,Default,38.62,One,In stock,3
588ba85ff11a3263,Extreme Prey (Lucas Davenport ...,Mystery,25.4,Three,In stock,3
b843f52a986a2914,Eragon (The Inheritance Cycle ...,Fantasy,43.87,Three,In stock,3
73f71f9556442117,Eclipse (Twilight #3),Default,18.74,One,In stock,3
36d5884d44484277,Dune (Dune #1),Science Fiction,54.86,One,In stock,3
a7ec599c1a547746,Dracula,Default,52.62,Three,In stock,3
98330e431e56a9ea,Do Androids Dream of ...,Science Fiction,51.48,One,In stock,3
81372abc86f65c79,Disrupted: My Misadventure in ...,Nonfiction,15.28,Five,In stock,3
04d858cdeeee0da4,Dead Wake: The Last ...,Default,39.24,Five,In stock,3
d234ddecef49ef4e,"David and Goliath: Underdogs, ...",Default,17.81,One,In stock,3
468bd274ac084bb9,Darkfever (Fever #1),Fantasy,56.02,One,In stock,3
66937c669c4da072,Dark Places,Default,23.9,Five,In stock,3
c9782ad2a0ed9331,Crazy Rich Asians (Crazy ...,Fiction,49.13,Five,In stock,3
157f693d9e600ccc,Counting Thyme,Childrens,10.62,One,In stock,3
dbe33cf29ef1623d,Cosmos,Add a comment,36.17,Two,In stock,3
396385e3de5d18c3,Civilization and Its Discontents,Psychology,59.95,Two,In stock,3
7e9579921e5407cb,Cinder (The Lunar Chronicles ...,Young Adult,26.09,One,In stock,3
ef49db2aaa9bb547,Catastrophic Happiness: Finding Joy ...,Parenting,37.35,Two,In stock,3
b461cf238506c5b8,Career of Evil (Cormoran ...,Mystery,24.72,Two,In stock,3
bbfc4a3b7b6c94a0,Breaking Dawn (Twilight #4),Default,35.28,Five,In stock,3
fd2337c1b73b686e,Brave Enough,Nonfiction,51.32,Five,In stock,3
8e0bc2fe4e7d35b5,Boy Meets Boy,Young Adult,21.12,Three,In stock,3
e256de8aa0c2115f,Born to Run: A ...,Nonfiction,27.35,Two,In stock,3
0bbc48294707ba96,Blink: The Power of ...,Nonfiction,21.74,Five,In stock,3
860318b8e244f39c,Black Flags: The Rise ...,Nonfiction,40.87,One,In stock,3
15f415d436888b2d,"Black Butler, Vol. 1 ...",Sequential Art,49.31,One,In stock,3
d3f9c4539c0caa64,Big Little Lies,Fiction,22.11,One,In stock,3
155e42df837ee5ff,Between Shades of Gray,Historical Fiction,20.79,Five,In stock,3
67dea6c75d6a1075,Best of My Love ...,Romance,27.41,Two,In stock,3
3fb69f34e178d494,Beowulf,Classics,38.35,Two,In stock,3
5439bae708bca198,Beautiful Creatures (Caster Chronicles ...,Default,21.55,Five,In stock,3
1d89a2aa9f6ce50f,Awkward,Sequential Art,38.02,Two,In stock,3
5d22e2a46604b6e7,Ash,Fantasy,22.06,Four,In stock,3
ef9c4f2465513956,Are We There Yet?,Childrens,10.66,Three,In stock,3
da0349a87c8caa2f,Are We Smart Enough ...,Nonfiction,56.58,One,In stock,3
7bf87402413c27ff,Annie on My Mind,Young Adult,36.83,Five,In stock,3
cfe350b20d23b02b,And Then There Were ...,Classics,35.01,Two,In stock,3
bcee4f289ff6699c,A Walk in the ...,Nonfiction,30.48,Four,In stock,3
5dbd6ec4e154ad2f,A Visit from the ...,Default,14.08,Five,In stock,3
87beabf664115d79,A Storm of Swords ...,Fantasy,31.22,Two,In stock,3
c9770bb1d5a492a0,A Heartbreaking Work of ...,Autobiography,54.29,Five,In stock,3
f5873c8fc7760000,8 Keys to Mental ...,Psychology,31.04,One,In stock,3
165affa7adb5eded,#GIRLBOSS,Add a comment,50.96,One,In stock,3
d2185b65af52d68c,The Suffragettes (Little Black ...,Nonfiction,11.89,Two,In stock,2
4130678275eb7c8c,The Sense of an ...,Add a comment,31.38,Three,In stock,2
276dc716b1da8899,"The Sandman, Vol. 2: ...",Sequential Art,54.81,One,In stock,2
f3c76b53b239f511,The Course of Love,Fiction,16.78,Three,In stock,2
ce42e3de94226b2b,Sugar Rush (Offensive Line ...,Sports and Games,24.42,One,In stock,2
9189fd009df41d0e,"Saga, Volume 2 (Saga ...",Sequential Art,11.75,Three,In stock,2
b0e479be03911916,"Run, Spot, Run: The ...",Philosophy,20.02,One,In stock,2
6fa3ea52c8e31e06,New Moon (Twilight #2),Young Adult,12.86,Four,In stock,2
637e5a45062aa548,Life,Music,31.58,Five,In stock,2
fb495f9f9015a772,Kindle Paperwhite User's Guide,Nonfiction,34.0,Three,In stock,2
b6d3f4f4ee1f6069,H is for Hawk,Nonfiction,57.42,Five,In stock,2
97b8f130d32e9f4e,Girl Online On Tour ...,Young Adult,53.47,One,In stock,2
c0db71f6bb14db11,"Fruits Basket, Vol. 2 ...",Sequential Art,11.64,Five,In stock,2
d7b463918d3b8c39,Diary of a Minecraft ...,Childrens,52.88,Four,In stock,2
09d26b5f819c6a36,"Y: The Last Man, ...",Sequential Art,18.51,Four,In stock,1
8ceb5c6aed2c5f8b,While You Were Mine,Historical Fiction,41.32,Five,In stock,1
def389ddfda6991b,Where Lightning Strikes (Bleeding ...,Romance,39.77,Three,In stock,1
c5f91eb481427dc5,When I'm Gone,Fiction,51.96,Three,In stock,1
66a4e422b212726a,Ways of Seeing,Art,39.51,Five,In stock,1
e7e87087b1a44711,"Vampire Knight, Vol. 1 ...",Paranormal,15.4,One,In stock,1
dab5e75d1339706a,Vampire Girl (Vampire Girl ...,Fantasy,53.82,Two,In stock,1
e63c3f25338baf9a,Twenty Love Poems and ...,Poetry,30.95,Four,In stock,1
0268f149d014b389,Travels with Charley: In ...,Nonfiction,57.82,Five,In stock,1
460f97a346b44bac,Three Wishes (River of ...,Science Fiction,44.18,Two,In stock,1
d6d98d3508c30f57,This One Moment (Pushing ...,Romance,48.71,One,In stock,1
9c96cd1329fbd82d,The Zombie Room,Default,19.69,Five,In stock,1
dac9d1e654fac737,The Wicked + The ...,Sequential Art,36.52,Two,In stock,1
6514add13c82b115,The Tumor,Nonfiction,41.56,Five,In stock,1
32d035df92ab9080,The Story of Hong ...,Classics,43.19,Four,In stock,1
b78deb463531d078,The Silent Wife,Fiction,12.34,Five,In stock,1
9e9932ae1a7d0943,The Silent Twin (Detective ...,Fantasy,36.25,Three,In stock,1
6f2c0a9adbb2bca9,The Selfish Gene,Science,29.45,One,In stock,1
38f776ab9118aed7,The Secret Healer,Historical Fiction,34.56,Three,In stock,1
5faefdc861684eb1,"The Sandman, Vol. 1: ...",Sequential Art,54.12,Three,In stock,1
0ec9d2b018fb10d8,The Republic,Add a comment,33.78,Three,In stock,1
f0512adadffd2480,The Odyssey,Add a comment,29.64,Three,In stock,1
b0913e67d38d5ed5,The No. 1 Ladies' ...,Mystery,57.7,Four,In stock,1
5c10b64db3e4f228,The Nicomachean Ethics,Philosophy,36.34,One,In stock,1
c8614adb1a90b027,The Name of the ...,Default,50.59,Three,In stock,1
c40b70e0f6d80189,The Mirror & the ...,Fantasy,29.38,One,In stock,1
1aeca7d078d57deb,The Little Prince,Classics,45.42,Two,In stock,1
04e43893e32f9d29,The Light of the ...,Add a comment,54.43,One,In stock,1
16c71736dae78764,The Last Girl (The ...,Science Fiction,36.26,Two,In stock,1
86d8bd7afa5b51b3,The Iliad,Add a comment,16.16,One,In stock,1
6e473eff459e809f,The Hook Up (Game ...,New Adult,36.29,Five,In stock,1
fff8a057a40c4a60,The Haters,Young Adult,27.89,Five,In stock,1
4280ac3eab57aa5d,The Girl You Lost,Mystery,12.29,Five,In stock,1
ee61197edb882599,The Girl In The ...,Mystery,15.85,Three,In stock,1
09659d1639a1f978,The End of the ...,Nonfiction,14.4,One,In stock,1
29fc016c459aeb14,The Edge of Reason ...,Womens Fiction,19.18,Four,In stock,1
3301af038a720587,The Complete Maus (Maus ...,Sequential Art,10.64,Three,In stock,1
18b4545a5ed15581,The Communist Manifesto,Add a comment,14.76,Three,In stock,1
f3a0b8c835129558,The Bhagavad Gita,Religion,57.49,Three,In stock,1
dfb0849016bc122c,The Bette Davis Club,Fiction,30.66,Three,In stock,1
5bc1fbccfbf2355c,The Art of Not ...,Young Adult,40.83,Four,In stock,1
a7eef9d6795422c1,Taking Shots (Assassins #1),Default,18.88,Two,In stock,1
e25164e5b3fe208b,Starlark,Historical Fiction,25.83,Three,In stock,1
2ac720f76384c57e,"Skip Beat!, Vol. 01 ...",Sequential Art,42.12,Three,In stock,1
3a9a7c5895e82646,Sister Sable (The Mad ...,Fantasy,13.33,Three,In stock,1
9ed7090d8fa690b0,Shatter Me (Shatter Me ...,Default,42.4,One,In stock,1
c068c013d6921fea,Shameless,New Adult,58.35,Three,In stock,1
229cd6564bf0dce4,Shadow Rites (Jane Yellowrock ...,Fantasy,21.72,Four,In stock,1
132adf7335bb384a,Settling the Score (The ...,Sports and Games,44.91,Two,In stock,1
35e44170702139a4,Sense and Sensibility,Classics,37.46,One,In stock,1
4f64568dfefa3ce7,"Saga, Volume 1 (Saga ...",Sequential Art,28.48,One,In stock,1
9efb397067eb7e8a,"Rhythm, Chord & Malykhin",Romance,28.34,Two,In stock,1
3cdca3b4a93980f5,"Rat Queens, Vol. 1: ...",Sequential Art,46.96,Five,In stock,1
849db7ab7f4a640c,Paradise Lost (Paradise #1),Default,24.96,One,In stock,1
bcbcbcf0f6ed196f,"Paper Girls, Vol. 1 ...",Sequential Art,21.71,Four,In stock,1
326825e02a198cf6,Ouran High School Host ...,Sequential Art,29.87,Three,In stock,1
8932e5c12f12ffed,Origins (Alphas 0.5),Fantasy,28.99,One,In stock,1
7ea31f38675b91c1,One Second (Seven #7),Fantasy,52.94,Two,In stock,1
9ff997ab15713e53,On the Road (Duluoz ...,Default,32.36,Three,In stock,1
a1985630339f4b3d,Old Records Never Die: ...,Music,55.66,Two,In stock,1
b6f1cfadc4dd79d4,Off Sides (Off #1),New Adult,39.45,Five,In stock,1
39592d9d72e717c4,Of Mice and Men,Classics,47.11,Two,In stock,1
63e20a0f98218a87,Myriad (Prentor #1),Fantasy,58.75,Four,In stock,1
fd78f89878479f56,My Perfect Mistake (Over ...,Romance,38.92,Two,In stock,1
35a60467893aa168,"Ms. Marvel, Vol. 1: ...",Sequential Art,39.39,Four,In stock,1
4f19709e47883df5,Meditations,Philosophy,25.89,Two,In stock,1
1053fb7ee17a1f33,Matilda,Childrens,28.34,One,In stock,1
d510567580c8be52,Lost Among the Living,Historical Fiction,27.7,Four,In stock,1
71a6471bbdac21d9,Lord of the Flies,Add a comment,24.89,Three,In stock,1
6e712ea24e77bd96,Listen to Me (Fusion ...,Romance,58.99,Three,In stock,1
06f6a57a6d532844,Kitchens of the Great ...,Fiction,57.2,Five,In stock,1
8d390a1fc3133d06,Jane Eyre,Default,38.43,Five,In stock,1
f28f7299d38c0932,Imperfect Harmony,Romance,34.74,Four,In stock,1
3455b45888fb5053,Icing (Aces Hockey #2),Sports and Games,40.44,Four,In stock,1
6fe02600f322a0a9,"Hawkeye, Vol. 1: My ...",Sequential Art,45.24,Three,In stock,1
6717a70913b3db79,Having the Barbarian's Baby ...,Science Fiction,34.96,Four,In stock,1
eb0fe24bbc845ecc,"Giant Days, Vol. 1 ...",Sequential Art,56.76,Four,In stock,1
72e6fbf4f6382557,"Fruits Basket, Vol. 1 ...",Sequential Art,40.28,Five,In stock,1
a492f49a3e2b6a71,Frankenstein,Default,38.0,Two,In stock,1
e564c3f1a93ccf2e,Forever Rockers (The Rocker ...,Music,28.8,Three,In stock,1
6390772a3094939d,Fighting Fate (Fighting #6),Romance,39.24,Three,In stock,1
2e69730561ed70ad,Emma,Classics,32.93,Two,In stock,1
df56868afd166557,"Eat, Pray, Love",Nonfiction,51.32,Three,In stock,1
0072b94dfa30608e,Deep Under (Walker Security ...,Romance,47.09,Five,In stock,1
a812f6969ddf3e39,Choosing Our Religion: The ...,Religion,28.42,Four,In stock,1
1774749f2cee292f,Charlie and the Chocolate ...,Childrens,22.85,Three,In stock,1
a96404cb928895f3,Charity's Cross (Charles Towne ...,Romance,41.24,One,In stock,1
230ac636ea0ea415,Bright Lines,Fiction,39.07,Five,In stock,1
a2b4b685dfa94733,Bridget Jones's Diary (Bridget ...,Womens Fiction,29.82,One,In stock,1
abc0b15f2c907ff0,Bounty (Colorado Mountain #7),Romance,37.26,Four,In stock,1
95cdfd514098c38b,Blood Defense (Samantha Brinkman ...,Mystery,20.3,Three,In stock,1
099fae4a0705d63b,"Bleach, Vol. 1: Strawberry ...",Sequential Art,34.65,Five,In stock,1
08672cd59171d5e4,Beyond Good and Evil,Philosophy,43.38,One,In stock,1
cd2a2a70dd5d176d,Alice in Wonderland (Alice's ...,Classics,55.53,One,In stock,1
bfd5e1701c862ac3,"Ajin: Demi-Human, Volume 1 ...",Sequential Art,57.06,Four,In stock,1
19fec36a1dfb4c16,A Spy's Devotion (The ...,Historical Fiction,16.97,Five,In stock,1
f684a82adc49f011,1st to Die (Women's ...,Mystery,53.98,One,In stock,1
228ba5e7577e1d49,"1,000 Places to See ...",Travel,26.08,Five,In stock,1
